{
  "item-states": [
    {
      "folded": false,
      "id": "mount-assets"
    },
    {
      "folded": false,
      "id": "610166df-dd98-4a15-a253-fbfcd408b534"
    },
    {
      "folded": false,
      "id": "ee701e1c-5615-404b-9250-d17b560313c6"
    },
    {
      "folded": false,
      "id": "7c03c77e-641f-429a-ad30-4d249ae61fbd"
    },
    {
      "folded": false,
      "id": "9cd826ae-f12c-454e-a3af-bd2491799972"
    },
    {
      "folded": false,
      "id": "bf4f5ceb-8c97-4a51-bbf8-2af3f04646a6"
    },
    {
      "folded": false,
      "id": "64871828-e4c3-40eb-834b-50bb04e82114"
    },
    {
      "folded": false,
      "id": "7d8730b6-e3d0-4369-9efe-dc96f12006d3"
    },
    {
      "folded": false,
      "id": "2c08236a-9228-4416-a826-ca4aeee50711"
    },
    {
      "folded": false,
      "id": "9b2549fd-d801-4a57-a0d0-d41b035828ea"
    },
    {
      "folded": false,
      "id": "91b93523-03c6-4f72-b0c6-8c03d4fa62b7"
    },
    {
      "folded": false,
      "id": "2a88ff9c-758d-44e7-bf28-8fe8c363f97a"
    },
    {
      "folded": false,
      "id": "47e0e35a-1435-4a1c-aab1-5fad28205563"
    },
    {
      "folded": false,
      "id": "40410259-a748-4f87-962c-3ce4c8a0a6c1"
    },
    {
      "folded": false,
      "id": "3f03eaa1-a02e-4a35-baae-13e878d452e6"
    },
    {
      "folded": true,
      "id": "ea3a1352-0173-493d-85eb-d564e5806762"
    },
    {
      "folded": true,
      "id": "4f894fed-d81b-4fb3-975b-408e9ab66c1b"
    },
    {
      "folded": false,
      "id": "9abaea5a-24f5-4822-b5bd-7d190cd1b377"
    },
    {
      "folded": true,
      "id": "c798666a-21a7-4e90-b5a0-b2ff8dc6ba2c"
    },
    {
      "folded": false,
      "id": "4936caf3-1524-403f-9cc6-d89497207a24"
    },
    {
      "folded": true,
      "id": "49f88e5f-210a-4f79-bb28-cc45902c371f"
    },
    {
      "folded": true,
      "id": "789b2d98-00df-400d-8cd4-617dde92b483"
    },
    {
      "folded": false,
      "id": "1b73eb61-9bf1-48d3-b60d-428eca83dfeb"
    },
    {
      "folded": true,
      "id": "3c7370ee-03b7-48c9-996e-fce2dc028b8d"
    },
    {
      "folded": true,
      "id": "a178cc10-2ed0-47d2-ba96-252bfc5a3c75"
    },
    {
      "folded": true,
      "id": "fd3a9d27-c516-431b-9050-8a5e4bdb648b"
    },
    {
      "folded": true,
      "id": "8103eb22-104b-44d3-a69e-2f1c2a53166b"
    },
    {
      "folded": true,
      "id": "8a84e724-cef8-4f4d-83c3-2da382159c70"
    },
    {
      "folded": true,
      "id": "b4e63179-ae1c-4dbc-bfd5-b1cf34412b6f"
    },
    {
      "folded": true,
      "id": "dc84c98c-1a6e-48a5-b95a-3c14814ceb09"
    },
    {
      "folded": true,
      "id": "d280ec2c-3ee5-47de-a19d-1278b97577e1"
    },
    {
      "folded": true,
      "id": "97810743-d7db-4653-9ec7-5393fcc264b1"
    },
    {
      "folded": true,
      "id": "e29dfd71-7d7d-4617-8c55-1e89e1d2a358"
    },
    {
      "folded": true,
      "id": "5e659b32-c53e-417f-af3d-e472f48e08f9"
    },
    {
      "folded": true,
      "id": "5326ddd7-f85b-4b81-a9f2-3d67902ec7e9"
    },
    {
      "folded": true,
      "id": "d6ac1647-c35a-45f9-9a1b-877d8f3edd85"
    },
    {
      "folded": true,
      "id": "4595698a-3ee4-41b4-b4be-c6e9bbecdee0"
    },
    {
      "folded": true,
      "id": "58f0e556-701f-4bdf-9011-a418c51c2867"
    },
    {
      "folded": true,
      "id": "b09fb114-c0bf-4baf-a40c-8a8b69672a15"
    },
    {
      "folded": true,
      "id": "72bfda9e-84c5-45ae-8001-5712efe3b5cc"
    },
    {
      "folded": true,
      "id": "2793ae53-06c2-4f5f-9982-bafbfb9de7ec"
    },
    {
      "folded": true,
      "id": "54c51187-1eda-4421-b8fa-955b71c2f2e0"
    },
    {
      "folded": true,
      "id": "0d77fee5-39c2-484b-aa6e-a00e94cf8ffd"
    },
    {
      "folded": true,
      "id": "8afd477f-fc69-47bb-bbbc-3f0cf6e381a6"
    },
    {
      "folded": true,
      "id": "a2b7e9c2-7431-47ed-94df-64267838f5cc"
    },
    {
      "folded": true,
      "id": "ec52df08-4475-416f-9632-3d14b81bf4b3"
    },
    {
      "folded": true,
      "id": "995ff024-734c-4ca0-9d87-69d147803375"
    },
    {
      "folded": true,
      "id": "43a39edd-7f3b-43bf-bb82-648923c42b52"
    },
    {
      "folded": true,
      "id": "63a2481f-3344-49f8-a69e-607877911083"
    },
    {
      "folded": true,
      "id": "4e26f95c-d6c5-4ddb-a87d-06f68d0e10d3"
    },
    {
      "folded": false,
      "id": "b194d46b-d5aa-442d-9dba-3367e378adf7"
    },
    {
      "folded": true,
      "id": "770c259a-3e99-4d6d-8c90-e02be95d1eff"
    },
    {
      "folded": true,
      "id": "7fd6611d-f233-4d0c-b9f1-fe31e095597e"
    }
  ]
}