{
  "item-states": [
    {
      "folded": false,
      "id": "44qAMknhVLdJtPEckLf9hk"
    },
    {
      "folded": false,
      "id": "06c64/q8dBA7rBOJWrbZWB"
    },
    {
      "folded": false,
      "id": "acT3qL2thNsKiaebdzyirF"
    },
    {
      "folded": false,
      "id": "1fnQ16HJdILq7L4wE2yjLH"
    },
    {
      "folded": false,
      "id": "00WtzKN69DUpbJLTK6DhrI"
    },
    {
      "folded": false,
      "id": "89rBM86ytHWZ3P5n9Yrgjb"
    },
    {
      "folded": false,
      "id": "369Ac2zstOHY9ptMaO8+uf"
    },
    {
      "folded": false,
      "id": "0bpg3HQdJO/riwoo2BqGqv"
    },
    {
      "folded": false,
      "id": "02O9cC995MrbHzT4i5GGDo"
    },
    {
      "folded": false,
      "id": "d4s5klgjtK96m0yFJHjCgG"
    },
    {
      "folded": false,
      "id": "54drhfcU9JV5Hod0kmfqtb"
    },
    {
      "folded": false,
      "id": "d3Lg3O5U1CVKaHQSjTUlmo"
    },
    {
      "folded": false,
      "id": "37iEC/YBxLmoC5zdHlQKII"
    },
    {
      "folded": false,
      "id": "1dFonRYWFH0aHQhOZWIV4Q"
    },
    {
      "folded": false,
      "id": "8cXR672rROo4ANhUBwGEmg"
    },
    {
      "folded": false,
      "id": "5evDYRmz1J+LXLcWwuOvdE"
    },
    {
      "folded": false,
      "id": "96IjRTOIhNdrNxl2WNYWG/"
    },
    {
      "folded": false,
      "id": "9fCmimdbxCVbJELVuy5CwF"
    },
    {
      "folded": false,
      "id": "9daXgnlYdEzbTfa3dz3uym"
    },
    {
      "folded": false,
      "id": "26vYT6a7FKTYPAlNjpNcCp"
    },
    {
      "folded": false,
      "id": "f1US8/vQFE8JvUlsrMCdj+"
    },
    {
      "folded": false,
      "id": "a286bbGknJLZpRpxROV6M94"
    }
  ]
}