{
  "version": "1.1.1",
  "windows": {
    "main": {
      "main": true,
      "url": "app://editor/index.html",
      "windowType": "dockable",
      "x": -8,
      "y": -8,
      "width": 1378,
      "height": 780,
      "layout": {
        "children": [
          {
            "active": 0,
            "children": [
              "hierarchy"
            ],
            "height": 661,
            "type": "panel",
            "width": 204
          },
          {
            "active": 0,
            "children": [
              "assets"
            ],
            "height": 661,
            "type": "panel",
            "width": 204
          },
          {
            "children": [
              {
                "active": 0,
                "children": [
                  "scene"
                ],
                "height": 432,
                "type": "panel",
                "width": 642.984375
              },
              {
                "active": 0,
                "children": [
                  "console",
                  "timeline"
                ],
                "height": 226,
                "type": "panel",
                "width": 642.984375
              }
            ],
            "height": 661,
            "type": "dock-v",
            "width": 642.984375
          },
          {
            "active": 0,
            "children": [
              "inspector",
              "node-library"
            ],
            "height": 661,
            "type": "panel",
            "width": 304
          }
        ],
        "type": "dock-h"
      },
      "panels": [
        "console",
        "inspector",
        "node-library",
        "hierarchy",
        "assets",
        "scene",
        "timeline"
      ]
    }
  },
  "panels": {
    "project-settings": {
      "x": 770,
      "y": 161,
      "width": 600,
      "height": 565
    },
    "sprite-editor": {
      "x": 702,
      "y": 240,
      "width": 516,
      "height": 539
    },
    "timeline.event": {
      "x": 752,
      "y": 290,
      "width": 416,
      "height": 439
    },
    "builder": {
      "x": 1132,
      "y": 161,
      "width": 345,
      "height": 758
    }
  }
}