{
  "__type__": "cc.AnimationClip",
  "_name": "cloudIdle",
  "_objFlags": 0,
  "_rawFiles": null,
  "_duration": 20,
  "sample": 1,
  "speed": 1,
  "wrapMode": 2,
  "curveData": {
    "props": {
      "scale": [
        {
          "frame": 0,
          "value": {
            "__type__": "cc.Vec2",
            "x": 1,
            "y": 1
          }
        },
        {
          "frame": 2,
          "value": {
            "__type__": "cc.Vec2",
            "x": 1,
            "y": 1
          }
        },
        {
          "frame": 9,
          "value": {
            "__type__": "cc.Vec2",
            "x": 0.8,
            "y": 1.1
          }
        },
        {
          "frame": 14,
          "value": {
            "__type__": "cc.Vec2",
            "x": 1,
            "y": 1
          }
        }
      ],
      "x": [
        {
          "frame": 0,
          "value": 1263
        },
        {
          "frame": 20,
          "value": -243
        }
      ]
    },
    "comps": {
      "cc.Sprite": {}
    }
  },
  "events": []
}