{
  "__type__": "cc.SpriteAtlas",
  "_name": "potions.plist",
  "_objFlags": 0,
  "_rawFiles": null,
  "_spriteFrames": {
    "PotionA01": {
      "__uuid__": "c1cfc423-cf91-4f26-8648-5b746b4c7d09"
    },
    "PotionA02": {
      "__uuid__": "3e895a3f-38c8-4659-92dc-d5addaf9119f"
    },
    "PotionA03": {
      "__uuid__": "27380c98-f6bc-4418-8d21-a04535e0ee51"
    },
    "PotionA04": {
      "__uuid__": "c7bea778-0043-43d3-aad6-75f7280e7f59"
    },
    "PotionA05": {
      "__uuid__": "d1563b95-4a43-4d4d-958e-a10c99f4c987"
    },
    "PotionB01": {
      "__uuid__": "dab4275c-ac41-4681-ab91-a7251a11f56f"
    },
    "PotionB02": {
      "__uuid__": "e0ff0b24-0541-48f7-93e9-1f0640f85ac8"
    },
    "PotionB03": {
      "__uuid__": "417e0fa9-5693-443a-93fa-9ccde8afd0de"
    },
    "PotionB04": {
      "__uuid__": "8f70d9c7-0d3e-40a8-bb63-ad30b09c3bd8"
    },
    "PotionB05": {
      "__uuid__": "851cd891-68b3-41e6-8337-60534e01d787"
    },
    "PotionC01": {
      "__uuid__": "0364dafc-831f-47f6-a7d5-7f333d60b6d2"
    },
    "PotionC02": {
      "__uuid__": "7c55f63c-18b3-4d00-b3c4-8c85926660d0"
    },
    "PotionC03": {
      "__uuid__": "ee36bf56-bdf5-4bd1-92ec-864246ace0c4"
    },
    "PotionC04": {
      "__uuid__": "dfafc2c5-2941-4582-9869-2d71ba1b69b4"
    },
    "PotionC05": {
      "__uuid__": "1da28b21-817f-4dd1-8ada-489c701f3142"
    },
    "PotionD01": {
      "__uuid__": "0bfe6645-8b57-4575-b158-162f6834c2d9"
    },
    "PotionD02": {
      "__uuid__": "36f1a73c-6338-462e-96e5-a73a66e3aa9f"
    },
    "PotionD03": {
      "__uuid__": "bd0a02ae-a73e-4f20-82ac-fdfbdf279a8c"
    },
    "PotionD04": {
      "__uuid__": "8b982707-493b-4432-a266-ca0f12ad96cf"
    },
    "PotionD05": {
      "__uuid__": "a89d4bcb-806c-4a0f-9c65-8612f04b24b6"
    }
  }
}