{
  "__type__": "cc.SpriteAtlas",
  "_name": "InterfaceSprites.plist",
  "_objFlags": 0,
  "_rawFiles": null,
  "_spriteFrames": {
    "ButtonCancelClicked": {
      "__uuid__": "9461e4dc-0700-4935-bdee-5cbc6211f51a"
    },
    "ButtonCancelDisabled": {
      "__uuid__": "f63c1017-5443-440a-a786-e2ca76523618"
    },
    "ButtonCancelHoover": {
      "__uuid__": "260c51cc-e382-4718-9b30-8d01a52856e8"
    },
    "ButtonCancelNormal": {
      "__uuid__": "c4d4dcb0-7829-44db-a926-ce8175639690"
    },
    "ButtonClicked": {
      "__uuid__": "166ccd5d-ecfc-453d-8c41-3b2a8211721c"
    },
    "ButtonFacebookClicked": {
      "__uuid__": "e6cdeb61-ba5b-41b8-ab72-ddec15b6354a"
    },
    "ButtonFacebookDisabled": {
      "__uuid__": "9e024b07-0ae6-49ca-b7ff-4b588ad7ba8e"
    },
    "ButtonFacebookHoover": {
      "__uuid__": "8c550f54-20c1-4c1f-ba3d-94ffa350f860"
    },
    "ButtonFacebookNormal": {
      "__uuid__": "c1db3abf-ded5-46b4-a487-49ad9c37eb78"
    },
    "ButtonHelpClicked": {
      "__uuid__": "4d4bc70a-298b-419a-b28e-e8560fe5e021"
    },
    "ButtonHelpHoover": {
      "__uuid__": "e847b2c9-060d-4b3a-8c1b-da5069d4a230"
    },
    "ButtonHelpLocked": {
      "__uuid__": "42c652e9-51ae-4724-87ce-c70b5c248a25"
    },
    "ButtonHelpNormal": {
      "__uuid__": "375ff47d-7fa9-4c76-bb18-94f1a466d975"
    },
    "ButtonHoover": {
      "__uuid__": "2b221665-d776-44b4-ab3c-3c74bf32a528"
    },
    "ButtonLocked": {
      "__uuid__": "034f65b4-bc2a-41d5-bde5-65adee4f79e9"
    },
    "ButtonNormal": {
      "__uuid__": "ed7977a4-ce1e-400b-a4a7-d215e1525e14"
    },
    "ButtonOkClicked": {
      "__uuid__": "7c3b518b-82db-4d4f-ab17-3de032f2dbc5"
    },
    "ButtonOkHoover": {
      "__uuid__": "3abc3ac4-6983-432a-9644-e5a414baf3a2"
    },
    "ButtonOkLocked": {
      "__uuid__": "0388ccfe-7019-4e61-a666-50c9329ee414"
    },
    "ButtonOkNormal": {
      "__uuid__": "57bf5d3d-2182-4c6c-afff-2e86229a6bb1"
    },
    "ButtonOptionsClicked": {
      "__uuid__": "7d47f814-f125-4e8d-b7ab-431be02d71f1"
    },
    "ButtonOptionsDisabled": {
      "__uuid__": "6a00c9fb-e38d-4570-86ba-9a1ea6018dc0"
    },
    "ButtonOptionsHoover": {
      "__uuid__": "b3982772-d22e-44df-abbf-eb4ed580df68"
    },
    "ButtonOptionsNormal": {
      "__uuid__": "396db16a-4d58-4a31-971d-16fb6c190338"
    },
    "ButtonPauseClicked": {
      "__uuid__": "75928ffd-d16f-4995-a789-5fea90fee656"
    },
    "ButtonPauseDisabled": {
      "__uuid__": "c82830d0-b681-40c4-8b8c-b21e5b8f427d"
    },
    "ButtonPauseHoover": {
      "__uuid__": "b8d6572d-33d4-423c-9015-549f8a5b47a1"
    },
    "ButtonPauseNormal": {
      "__uuid__": "a242b77b-70fe-47f9-96dd-1b96f9124cfb"
    },
    "ButtonQuitClicked": {
      "__uuid__": "447e4c8c-6d78-4314-a715-11e75469ebe2"
    },
    "ButtonQuitDisabled": {
      "__uuid__": "63939bd3-e2ef-45c0-98c4-c02e24c8dbc3"
    },
    "ButtonQuitHoover": {
      "__uuid__": "653009a7-f932-46e7-a8c7-e82b1f0e3bc6"
    },
    "ButtonQuitNormal": {
      "__uuid__": "af284de2-a9b8-4166-b50e-bb6d2bd0b80e"
    },
    "ButtonReloadClicked": {
      "__uuid__": "8c2f83c0-6d93-4176-8286-2f1a2b3193cb"
    },
    "ButtonReloadDisabled": {
      "__uuid__": "29f60871-ceb5-4d25-8afe-67c18565335f"
    },
    "ButtonReloadHoover": {
      "__uuid__": "87ec8bc0-d1a3-48c0-abae-f9d323a249dc"
    },
    "ButtonReloadNormal": {
      "__uuid__": "d866ef89-82b7-45e8-b737-69619bacb547"
    },
    "ButtonTwitterClicked": {
      "__uuid__": "228997b2-4b85-4adb-9cec-b67f53a4a36a"
    },
    "ButtonTwitterDisabled": {
      "__uuid__": "86210484-5055-4146-bc30-69cd0d6c9065"
    },
    "ButtonTwitterHoover": {
      "__uuid__": "d10b7c4d-c4bc-4a12-b916-27dc988edf39"
    },
    "ButtonTwitterNormal": {
      "__uuid__": "765d5a0d-444a-4b58-83ae-fdcfc23504b9"
    },
    "ButtonWoodClicked": {
      "__uuid__": "05f30066-1591-4211-b52f-6c2c0702ea83"
    },
    "ButtonWoodCloseClicked": {
      "__uuid__": "831ad810-bb91-42e7-a34e-42c674981897"
    },
    "ButtonWoodCloseHoover": {
      "__uuid__": "7f10ae50-0a38-421d-a2d7-601c7df7a8eb"
    },
    "ButtonWoodCloseNormal": {
      "__uuid__": "ce8e0e3a-8dbe-4a10-88cd-17f5dd596a1b"
    },
    "ButtonWoodFacebookClicked": {
      "__uuid__": "2d8a0a29-cb0a-409c-9be5-48f86d4cff22"
    },
    "ButtonWoodFacebookHoover": {
      "__uuid__": "495b10cd-fdda-442b-b094-192be4b6b1d8"
    },
    "ButtonWoodFacebookNormal": {
      "__uuid__": "7bc41ed7-b78c-41b1-9e27-5b5eaf8728a4"
    },
    "ButtonWoodHelpClicked": {
      "__uuid__": "f68e9940-5985-42eb-a848-74606e641272"
    },
    "ButtonWoodHelpHoover": {
      "__uuid__": "0bfb9e3a-58c3-4512-8c72-f3d99f44bd57"
    },
    "ButtonWoodHelpNormal": {
      "__uuid__": "b517d7a9-1a31-493b-bd54-43a282803647"
    },
    "ButtonWoodHoover": {
      "__uuid__": "8929d5e4-44c8-499d-9132-5847fc2b8af5"
    },
    "ButtonWoodNormal": {
      "__uuid__": "43b10028-663c-42b7-8c2e-86e9620ecc42"
    },
    "ButtonWoodOkClicked": {
      "__uuid__": "3a8569e9-b2be-41db-b79b-4ab6e2fa0200"
    },
    "ButtonWoodOkHoover": {
      "__uuid__": "759fd359-a9a7-4cde-a1c7-65d95fc45414"
    },
    "ButtonWoodOkNormal": {
      "__uuid__": "2c8e67c5-6c4e-478c-8955-1b6868cf5aae"
    },
    "ButtonWoodOptionsClicked": {
      "__uuid__": "f1ab711a-c79c-4b54-8347-440598036a22"
    },
    "ButtonWoodOptionsHoover": {
      "__uuid__": "7daa69f1-2440-4740-a4a7-b7c3792a9128"
    },
    "ButtonWoodOptionsNormal": {
      "__uuid__": "7a9c5885-1a6f-4093-8002-44c7c9d1c8a0"
    },
    "ButtonWoodPauseClicked": {
      "__uuid__": "ed1ac873-aec3-4866-83e3-179d43f8655a"
    },
    "ButtonWoodPauseHoover": {
      "__uuid__": "28ce0782-96f4-4a57-ba29-d5159442e2b9"
    },
    "ButtonWoodPauseNormal": {
      "__uuid__": "be8fa40f-173a-4f46-9256-45a1ea1c98c4"
    },
    "ButtonWoodQuitClicked": {
      "__uuid__": "020bd4be-79cf-466a-901b-0b4d5a3ae5e0"
    },
    "ButtonWoodQuitHoover": {
      "__uuid__": "4e34c02d-7170-4843-a463-cd7ee155ac3a"
    },
    "ButtonWoodQuitNormal": {
      "__uuid__": "fbae8631-9aac-487b-980d-fe36c07a226f"
    },
    "ButtonWoodReloadClicked": {
      "__uuid__": "c8b5f8cf-df14-40f2-b390-77b223822b2c"
    },
    "ButtonWoodReloadHooder": {
      "__uuid__": "0906ce13-eda1-424f-9690-464b813d7f91"
    },
    "ButtonWoodReloadNormal.png": {
      "__uuid__": "9da3f4d8-ed70-4e47-8163-1b24ec1ce3ae"
    },
    "ButtonWoodTwitterClicked": {
      "__uuid__": "85f7d71d-e918-4f99-98f2-a76328ff8141"
    },
    "ButtonWoodTwitterHoover": {
      "__uuid__": "9c5a93d0-238a-4f28-a03f-74c2e9174917"
    },
    "ButtonWoodTwitterNormal.png": {
      "__uuid__": "64b30bd4-bf63-4801-8627-23c1d43a530a"
    },
    "CoinIcon": {
      "__uuid__": "2b0a2af3-7d50-41a6-af7e-adf927d60867"
    },
    "FlashIcon": {
      "__uuid__": "32e61dda-a1a5-46c3-a1f1-f53bc1bece23"
    },
    "FrameEffect01": {
      "__uuid__": "7555595a-c53e-4310-937c-7636efd96ab6"
    },
    "FrameTitleBar": {
      "__uuid__": "9a32e97c-a06a-4a81-bc1b-bc7c5cc30a80"
    },
    "FrameWindow": {
      "__uuid__": "027954ba-63a1-40aa-96db-50182167e53c"
    },
    "GameFrameStar01": {
      "__uuid__": "98eab322-6a29-4125-8078-78b448dd3e43"
    },
    "GameFrameStar02": {
      "__uuid__": "c0230ecf-1231-4ea8-8782-7c91bd5cd754"
    },
    "GameFrameStar03": {
      "__uuid__": "e07c1f2a-8b5f-4719-8fa2-d51e31fa2c87"
    },
    "MenuFrame": {
      "__uuid__": "8739c733-e05f-4446-88bf-07dca1fa6e4b"
    },
    "ScoreFrameIcon": {
      "__uuid__": "e9eba2e3-163f-4a20-9d88-cfd4855a18ed"
    },
    "ScoreShadows": {
      "__uuid__": "7c7d4db5-3ba7-497b-8868-244de3486154"
    },
    "ScoresFrame": {
      "__uuid__": "b995fed7-902b-4204-a033-a80a9d389b71"
    },
    "StarIcon": {
      "__uuid__": "23c22aa3-9a52-4f24-b9e9-64c80b0770b3"
    },
    "WinFrame": {
      "__uuid__": "0d84dbda-6fb6-48aa-b8c2-017965b4a488"
    },
    "WinFrameShadow": {
      "__uuid__": "aea23515-17d5-4b76-b9b9-75f9fdc60343"
    },
    "WinStars": {
      "__uuid__": "17def514-08f9-447e-a6bb-7a913df09a1d"
    },
    "WinTitle": {
      "__uuid__": "d91e4d2d-24e4-46cc-be7d-616ddc69803e"
    },
    "inGameFrame": {
      "__uuid__": "b0f7444a-15e6-446a-af3f-40d25c8cac8d"
    },
    "inGameFrameShadow": {
      "__uuid__": "4a473381-7a8c-4ce3-b99e-5b2bd8085d8d"
    },
    "inGameFrameStarsShadows": {
      "__uuid__": "d5c03eb7-88c4-42a7-82cd-78887c3552e7"
    },
    "inGameFrameTitle": {
      "__uuid__": "19513e70-256e-45cf-9e40-822e84ce9840"
    }
  }
}