{
  "f8e6b000-5643-4b86-9080-aa680ce1f599": {
    "asset": 1525276599865,
    "meta": 1520977582000,
    "relativePath": "image"
  },
  "71561142-4c83-4933-afca-cb7a17f67053": {
    "asset": 1520977582000,
    "meta": 1528919138994,
    "relativePath": "image\\default_btn_disabled.png"
  },
  "e851e89b-faa2-4484-bea6-5c01dd9f06e2": {
    "asset": 1520977582000,
    "meta": 1528919138989,
    "relativePath": "image\\default_btn_normal.png"
  },
  "d81ec8ad-247c-4e62-aa3c-d35c4193c7af": {
    "asset": 1520977582000,
    "meta": 1528919139004,
    "relativePath": "image\\default_panel.png"
  },
  "b43ff3c2-02bb-4874-81f7-f2dea6970f18": {
    "asset": 1520977582000,
    "meta": 1528919139008,
    "relativePath": "image\\default_btn_pressed.png"
  },
  "99170b0b-d210-46f1-b213-7d9e3f23098a": {
    "asset": 1520977582000,
    "meta": 1528919139018,
    "relativePath": "image\\default_progressbar_bg.png"
  },
  "cfef78f1-c8df-49b7-8ed0-4c953ace2621": {
    "asset": 1520977582000,
    "meta": 1528919139020,
    "relativePath": "image\\default_progressbar.png"
  },
  "567dcd80-8bf4-4535-8a5a-313f1caf078a": {
    "asset": 1520977582000,
    "meta": 1528919139034,
    "relativePath": "image\\default_radio_button_off.png"
  },
  "9d60001f-b5f4-4726-a629-2659e3ded0b8": {
    "asset": 1520977582000,
    "meta": 1528919139030,
    "relativePath": "image\\default_radio_button_on.png"
  },
  "4bab67cb-18e6-4099-b840-355f0473f890": {
    "asset": 1520977582000,
    "meta": 1528919139046,
    "relativePath": "image\\default_scrollbar_bg.png"
  },
  "617323dd-11f4-4dd3-8eec-0caf6b3b45b9": {
    "asset": 1520977582000,
    "meta": 1528919139048,
    "relativePath": "image\\default_scrollbar_vertical_bg.png"
  },
  "d6d3ca85-4681-47c1-b5dd-d036a9d39ea2": {
    "asset": 1520977582000,
    "meta": 1528919139059,
    "relativePath": "image\\default_scrollbar_vertical.png"
  },
  "0291c134-b3da-4098-b7b5-e397edbe947f": {
    "asset": 1520977582000,
    "meta": 1528919139056,
    "relativePath": "image\\default_scrollbar.png"
  },
  "0275e94c-56a7-410f-bd1a-fc7483f7d14a": {
    "asset": 1520977582000,
    "meta": 1528919139068,
    "relativePath": "image\\default_sprite_splash.png"
  },
  "6e056173-d285-473c-b206-40a7fff5386e": {
    "asset": 1520977582000,
    "meta": 1528919139073,
    "relativePath": "image\\default_sprite.png"
  },
  "73a0903d-d80e-4e3c-aa67-f999543c08f5": {
    "asset": 1520977582000,
    "meta": 1528919139083,
    "relativePath": "image\\default_toggle_checkmark.png"
  },
  "c25b9d50-c8fc-4d27-beeb-6e7c1f2e5c0f": {
    "asset": 1520977582000,
    "meta": 1528919139087,
    "relativePath": "image\\default_toggle_disabled.png"
  },
  "d29077ba-1627-4a72-9579-7b56a235340c": {
    "asset": 1520977582000,
    "meta": 1528919139111,
    "relativePath": "image\\default_toggle_normal.png"
  },
  "fc09f9bd-2cce-4605-b630-8145ef809ed6": {
    "asset": 1525276547470,
    "meta": 1520977582000,
    "relativePath": "misc"
  },
  "b181c1e4-0a72-4a91-bfb0-ae6f36ca60bd": {
    "asset": 1520977582000,
    "meta": 1528919139115,
    "relativePath": "image\\default_toggle_pressed.png"
  },
  "2be36297-9abb-4fee-8049-9ed5e271da8a": {
    "asset": 1520977582000,
    "meta": 1520977582000,
    "relativePath": "misc\\default_video.mp4"
  },
  "f6e6dd15-71d1-4ffe-ace7-24fd39942c05": {
    "asset": 1525276559413,
    "meta": 1520977582000,
    "relativePath": "obsolete"
  },
  "b8223619-7e38-47c4-841f-9160c232495a": {
    "asset": 1520977582000,
    "meta": 1520977582000,
    "relativePath": "obsolete\\atom.plist"
  },
  "f743d2b6-b7ea-4c14-a55b-547ed4d0a045": {
    "asset": 1525276547495,
    "meta": 1520977582000,
    "relativePath": "particle"
  },
  "b2687ac4-099e-403c-a192-ff477686f4f5": {
    "asset": 1520977582000,
    "meta": 1520977582000,
    "relativePath": "particle\\atom.plist"
  },
  "ae6c6c98-11e4-452f-8758-75f5c6a56e83": {
    "asset": 1525276697820,
    "meta": 1520977582000,
    "relativePath": "prefab"
  },
  "2c937608-2562-40ea-b264-7395df6f0cea": {
    "asset": 1520977582000,
    "meta": 1528919139140,
    "relativePath": "prefab\\canvas.prefab"
  },
  "972b9a4d-47ee-4c74-b5c3-61d8a69bc29f": {
    "asset": 1520977582000,
    "meta": 1528919139137,
    "relativePath": "prefab\\button.prefab"
  },
  "61aeb05b-3b32-452b-8eed-2b76deeed554": {
    "asset": 1520977582000,
    "meta": 1528919139146,
    "relativePath": "prefab\\editbox.prefab"
  },
  "27756ebb-3d33-44b0-9b96-e858fadd4dd4": {
    "asset": 1520977582000,
    "meta": 1528919139148,
    "relativePath": "prefab\\label.prefab"
  },
  "785a442c-3ceb-45be-a46e-7317f625f3b9": {
    "asset": 1520977582000,
    "meta": 1528919139155,
    "relativePath": "prefab\\layout.prefab"
  },
  "ca8401fe-ad6e-41a8-bd46-8e3e4e9945be": {
    "asset": 1520977582000,
    "meta": 1528919139157,
    "relativePath": "prefab\\pageview.prefab"
  },
  "cd33edea-55f5-46c2-958d-357a01384a36": {
    "asset": 1520977582000,
    "meta": 1528919139162,
    "relativePath": "prefab\\particlesystem.prefab"
  },
  "5965ffac-69da-4b55-bcde-9225d0613c28": {
    "asset": 1520977582000,
    "meta": 1528919139166,
    "relativePath": "prefab\\progressBar.prefab"
  },
  "4a37dd57-78cd-4cec-aad4-f11a73d12b63": {
    "asset": 1520977582000,
    "meta": 1528919139170,
    "relativePath": "prefab\\richtext.prefab"
  },
  "32044bd2-481f-4cf1-a656-e2b2fb1594eb": {
    "asset": 1520977582000,
    "meta": 1528919139174,
    "relativePath": "prefab\\scrollview.prefab"
  },
  "0004d1cf-a0ad-47d8-ab17-34d3db9d35a3": {
    "asset": 1520977582000,
    "meta": 1528919139180,
    "relativePath": "prefab\\slider.prefab"
  },
  "1f55e3be-b89b-4b79-88de-47fd31018044": {
    "asset": 1520977582000,
    "meta": 1528919139182,
    "relativePath": "prefab\\sprite_splash.prefab"
  },
  "96083d03-c332-4a3f-9386-d03e2d19e8ee": {
    "asset": 1520977582000,
    "meta": 1528919139188,
    "relativePath": "prefab\\sprite.prefab"
  },
  "7de03a80-4457-438d-95a7-3e7cdffd6086": {
    "asset": 1520977582000,
    "meta": 1528919139190,
    "relativePath": "prefab\\tiledmap.prefab"
  },
  "0d784963-d024-4ea6-a7db-03be0ad63010": {
    "asset": 1520977582000,
    "meta": 1528919139225,
    "relativePath": "prefab\\toggle.prefab"
  },
  "bf0a434c-84dd-4a8e-a08a-7a36f180cc75": {
    "asset": 1520977582000,
    "meta": 1528919139223,
    "relativePath": "prefab\\toggleContainer.prefab"
  },
  "d1b8be49-b0a0-435c-83b7-552bed4bbe35": {
    "asset": 1520977582000,
    "meta": 1528919139246,
    "relativePath": "prefab\\toggleGroup.prefab"
  },
  "232d2782-c4bd-4bb4-9e01-909f03d6d3b9": {
    "asset": 1520977582000,
    "meta": 1528919139234,
    "relativePath": "prefab\\videoplayer.prefab"
  },
  "8c5001fd-07ee-4a4b-a8a0-63e15195e94d": {
    "asset": 1520977582000,
    "meta": 1528919139250,
    "relativePath": "prefab\\webview.prefab"
  },
  "7c03c77e-641f-429a-ad30-4d249ae61fbd": {
    "asset": 1528919036952,
    "meta": 1525726598000,
    "relativePath": "Scene"
  },
  "9cd826ae-f12c-454e-a3af-bd2491799972": {
    "asset": 1528919037245,
    "meta": 1525726598000,
    "relativePath": "Script"
  },
  "34cd2a0c-3a41-423f-b144-111ddf4c8d54": {
    "asset": 1528907856000,
    "meta": 1528919142625,
    "relativePath": "Scene\\Menu.fire"
  },
  "91b93523-03c6-4f72-b0c6-8c03d4fa62b7": {
    "asset": 1528919037097,
    "meta": 1525726598000,
    "relativePath": "Script\\Fase01"
  },
  "7d8730b6-e3d0-4369-9efe-dc96f12006d3": {
    "asset": 1528919037238,
    "meta": 1525726598000,
    "relativePath": "Script\\Libs"
  },
  "64871828-e4c3-40eb-834b-50bb04e82114": {
    "asset": 1528919037274,
    "meta": 1525726598000,
    "relativePath": "Script\\Menu"
  },
  "ee701e1c-5615-404b-9250-d17b560313c6": {
    "asset": 1528919036076,
    "meta": 1525726598000,
    "relativePath": "Audio"
  },
  "9b2549fd-d801-4a57-a0d0-d41b035828ea": {
    "asset": 1528919036713,
    "meta": 1525726598000,
    "relativePath": "Audio\\Musicas"
  },
  "bf4f5ceb-8c97-4a51-bbf8-2af3f04646a6": {
    "asset": 1528919038613,
    "meta": 1525726598000,
    "relativePath": "Texture"
  },
  "9abaea5a-24f5-4822-b5bd-7d190cd1b377": {
    "asset": 1528919037416,
    "meta": 1525726598000,
    "relativePath": "Texture\\Animations"
  },
  "4f894fed-d81b-4fb3-975b-408e9ab66c1b": {
    "asset": 1528919037555,
    "meta": 1525726598000,
    "relativePath": "Texture\\BalaoFalas"
  },
  "b5a20da7-3698-4d00-a5a9-918b3a360c06": {
    "asset": 1525726598000,
    "meta": 1528919143112,
    "relativePath": "Texture\\Animations\\cloudIdle.anim"
  },
  "4595698a-3ee4-41b4-b4be-c6e9bbecdee0": {
    "asset": 1525726598000,
    "meta": 1528919143901,
    "relativePath": "Texture\\BalaoFalas\\balao01.png"
  },
  "58f0e556-701f-4bdf-9011-a418c51c2867": {
    "asset": 1525726598000,
    "meta": 1528919144307,
    "relativePath": "Texture\\BalaoFalas\\balao03.png"
  },
  "b09fb114-c0bf-4baf-a40c-8a8b69672a15": {
    "asset": 1525726598000,
    "meta": 1528919144373,
    "relativePath": "Texture\\BalaoFalas\\balao04.png"
  },
  "ec52df08-4475-416f-9632-3d14b81bf4b3": {
    "asset": 1525726598000,
    "meta": 1528919147010,
    "relativePath": "Texture\\SpriteSheet\\caldeirao01.png"
  },
  "995ff024-734c-4ca0-9d87-69d147803375": {
    "asset": 1525726598000,
    "meta": 1528919146947,
    "relativePath": "Texture\\SpriteSheet\\caldeirao02.png"
  },
  "43a39edd-7f3b-43bf-bb82-648923c42b52": {
    "asset": 1525726598000,
    "meta": 1528919146979,
    "relativePath": "Texture\\SpriteSheet\\caldeirao03.png"
  },
  "40410259-a748-4f87-962c-3ce4c8a0a6c1": {
    "asset": 1528919037659,
    "meta": 1525726598000,
    "relativePath": "Texture\\Fundos"
  },
  "72bfda9e-84c5-45ae-8001-5712efe3b5cc": {
    "asset": 1525726598000,
    "meta": 1528919144278,
    "relativePath": "Texture\\BalaoFalas\\balao02.png"
  },
  "d6ac1647-c35a-45f9-9a1b-877d8f3edd85": {
    "asset": 1525726598000,
    "meta": 1528919144689,
    "relativePath": "Texture\\Fundos\\biblioteca.jpg"
  },
  "fd3a9d27-c516-431b-9050-8a5e4bdb648b": {
    "asset": 1525726598000,
    "meta": 1528919144583,
    "relativePath": "Texture\\Fundos\\cloud1.PNG"
  },
  "d280ec2c-3ee5-47de-a19d-1278b97577e1": {
    "asset": 1525726598000,
    "meta": 1528919145641,
    "relativePath": "Texture\\Fundos\\cloud2.PNG"
  },
  "b4e63179-ae1c-4dbc-bfd5-b1cf34412b6f": {
    "asset": 1525726598000,
    "meta": 1528919145185,
    "relativePath": "Texture\\Fundos\\cloud3.PNG"
  },
  "789b2d98-00df-400d-8cd4-617dde92b483": {
    "asset": 1525726598000,
    "meta": 1528919146252,
    "relativePath": "Texture\\Fundos\\sky.png"
  },
  "3f03eaa1-a02e-4a35-baae-13e878d452e6": {
    "asset": 1528919037927,
    "meta": 1525726598000,
    "relativePath": "Texture\\Interface"
  },
  "47e0e35a-1435-4a1c-aab1-5fad28205563": {
    "asset": 1528919038606,
    "meta": 1525726598000,
    "relativePath": "Texture\\Pocoes"
  },
  "4936caf3-1524-403f-9cc6-d89497207a24": {
    "asset": 1528919039285,
    "meta": 1525726598000,
    "relativePath": "Texture\\SpriteSheet"
  },
  "63a2481f-3344-49f8-a69e-607877911083": {
    "asset": 1525726598000,
    "meta": 1528919147304,
    "relativePath": "Texture\\SpriteSheet\\smokeAnim.plist"
  },
  "8afd477f-fc69-47bb-bbbc-3f0cf6e381a6": {
    "asset": 1525726598000,
    "meta": 1528919147014,
    "relativePath": "Texture\\SpriteSheet\\smokeAnim.png"
  },
  "6e612d7e-dcf8-476d-8170-7f74272027ed": {
    "asset": 1525726598000,
    "meta": 1528919143228,
    "relativePath": "Texture\\Animations\\smokeAnimation.anim"
  },
  "2a88ff9c-758d-44e7-bf28-8fe8c363f97a": {
    "asset": 1528919038459,
    "meta": 1525726598000,
    "relativePath": "Texture\\Outros"
  },
  "a2b7e9c2-7431-47ed-94df-64267838f5cc": {
    "asset": 1525726598000,
    "meta": 1528919146674,
    "relativePath": "Texture\\Outros\\Coracao_Completo.png"
  },
  "0d77fee5-39c2-484b-aa6e-a00e94cf8ffd": {
    "asset": 1525726598000,
    "meta": 1528919146701,
    "relativePath": "Texture\\Outros\\Coracao_Metade.png"
  },
  "2793ae53-06c2-4f5f-9982-bafbfb9de7ec": {
    "asset": 1525726598000,
    "meta": 1528919146717,
    "relativePath": "Texture\\Outros\\Coracao_Vazio.png"
  },
  "2c08236a-9228-4416-a826-ca4aeee50711": {
    "asset": 1528919038299,
    "meta": 1525827206000,
    "relativePath": "Texture\\Mago"
  },
  "e29dfd71-7d7d-4617-8c55-1e89e1d2a358": {
    "asset": 1525827210000,
    "meta": 1528919147245,
    "relativePath": "Texture\\Mago\\MagoIdle.plist"
  },
  "8103eb22-104b-44d3-a69e-2f1c2a53166b": {
    "asset": 1525827212000,
    "meta": 1528919146643,
    "relativePath": "Texture\\Mago\\MagoIdle.png"
  },
  "48faef67-8702-47ed-8bb4-18852353d077": {
    "asset": 1525827656000,
    "meta": 1528919143109,
    "relativePath": "Texture\\Animations\\magoIdleAnimation.anim"
  },
  "8a84e724-cef8-4f4d-83c3-2da382159c70": {
    "asset": 1525901610000,
    "meta": 1528919146885,
    "relativePath": "Texture\\Pocoes\\banner.PNG"
  },
  "5326ddd7-f85b-4b81-a9f2-3d67902ec7e9": {
    "asset": 1526258086000,
    "meta": 1528919147286,
    "relativePath": "Texture\\Pocoes\\potions.plist"
  },
  "97810743-d7db-4653-9ec7-5393fcc264b1": {
    "asset": 1526258086000,
    "meta": 1528919146912,
    "relativePath": "Texture\\Pocoes\\potions.png"
  },
  "c798666a-21a7-4e90-b5a0-b2ff8dc6ba2c": {
    "asset": 1526588052000,
    "meta": 1528919147043,
    "relativePath": "Texture\\teste01.png"
  },
  "49f88e5f-210a-4f79-bb28-cc45902c371f": {
    "asset": 1526588052000,
    "meta": 1528919147063,
    "relativePath": "Texture\\teste02.png"
  },
  "2c8260fc-ca1b-4175-9131-880d8feed117": {
    "asset": 1528866562000,
    "meta": 1528919140521,
    "relativePath": "Scene\\Introducao.fire"
  },
  "610166df-dd98-4a15-a253-fbfcd408b534": {
    "asset": 1528919036868,
    "meta": 1526588494000,
    "relativePath": "Fonts"
  },
  "ea3a1352-0173-493d-85eb-d564e5806762": {
    "asset": 1526589036000,
    "meta": 1528919147039,
    "relativePath": "Texture\\teste0.png"
  },
  "5e659b32-c53e-417f-af3d-e472f48e08f9": {
    "asset": 1527219142000,
    "meta": 1528919147253,
    "relativePath": "Texture\\Outros\\cursor.plist"
  },
  "a178cc10-2ed0-47d2-ba96-252bfc5a3c75": {
    "asset": 1527219142000,
    "meta": 1528919146752,
    "relativePath": "Texture\\Outros\\cursor.png"
  },
  "6f9edf56-0748-4317-a4e0-c9c1932b3609": {
    "asset": 1527296632000,
    "meta": 1528919142852,
    "relativePath": "Script\\Libs\\math.js"
  },
  "770c259a-3e99-4d6d-8c90-e02be95d1eff": {
    "asset": 1527928480000,
    "meta": 1528919147232,
    "relativePath": "Texture\\Interface\\InterfaceSprites.plist"
  },
  "4e26f95c-d6c5-4ddb-a87d-06f68d0e10d3": {
    "asset": 1527928480000,
    "meta": 1528919146865,
    "relativePath": "Texture\\Interface\\InterfaceSprites.png"
  },
  "3c7370ee-03b7-48c9-996e-fce2dc028b8d": {
    "asset": 1528139014000,
    "meta": 1528919145602,
    "relativePath": "Texture\\Fundos\\fundo.jpg"
  },
  "4bdc269d-2d85-4a1b-9d69-97d6b7b607e5": {
    "asset": 1528132356000,
    "meta": 1528919140491,
    "relativePath": "Fonts\\Seagram tfb.ttf"
  },
  "b60bf1ca-a748-410c-bbff-be41031c6419": {
    "asset": 1528132356000,
    "meta": 1528919140381,
    "relativePath": "Fonts\\BLKCHCRY.TTF"
  },
  "8d092d9b-0e31-41f4-97de-c7de1785c3c1": {
    "asset": 1528132356000,
    "meta": 1528919140464,
    "relativePath": "Fonts\\OldLondon.ttf"
  },
  "ae061c42-eede-438d-963b-a4d869044a61": {
    "asset": 1528132356000,
    "meta": 1528919140392,
    "relativePath": "Fonts\\Beyond Wonderland.ttf"
  },
  "53232836-de89-48a9-baae-3b1db3506496": {
    "asset": 1528132356000,
    "meta": 1528919140422,
    "relativePath": "Fonts\\Dimbo Regular.ttf"
  },
  "5aa7998e-1c88-41be-929e-a3d7a7ba697a": {
    "asset": 1528132356000,
    "meta": 1528919140455,
    "relativePath": "Fonts\\kenvector_future.ttf"
  },
  "0d291131-13aa-4bbf-ae8f-ccd6f4d3e8c6": {
    "asset": 1528132356000,
    "meta": 1528132356000,
    "relativePath": "Fonts\\Olondon_.otf"
  },
  "038a628b-b338-42ee-834a-338fc12665f5": {
    "asset": 1528132356000,
    "meta": 1528919140436,
    "relativePath": "Fonts\\kenvector_future_thin.ttf"
  },
  "dc84c98c-1a6e-48a5-b95a-3c14814ceb09": {
    "asset": 1528132500000,
    "meta": 1528919146821,
    "relativePath": "Texture\\Outros\\logo2.jpeg"
  },
  "1b73eb61-9bf1-48d3-b60d-428eca83dfeb": {
    "asset": 1528136746000,
    "meta": 1528919146802,
    "relativePath": "Texture\\Outros\\logo.png"
  },
  "5d928a01-3529-45af-a7c8-72bde7c6d41b": {
    "asset": 1528786842000,
    "meta": 1528919142779,
    "relativePath": "Script\\Fase01\\GameIsOver.js"
  },
  "6ccff790-fccc-43ce-bf73-85158dd23fc2": {
    "asset": 1528789664000,
    "meta": 1528757998000,
    "relativePath": "Audio\\Musicas\\introduction.mp3"
  },
  "03f263a8-0f93-4030-80bb-d13fd9273508": {
    "asset": 1528789664000,
    "meta": 1528757998000,
    "relativePath": "Audio\\Musicas\\acerto.mp3"
  },
  "64961801-68e3-409d-a3ce-664205a3ae62": {
    "asset": 1528829916000,
    "meta": 1528829916000,
    "relativePath": "Audio\\Musicas\\arrastando.mp3"
  },
  "54c51187-1eda-4421-b8fa-955b71c2f2e0": {
    "asset": 1528833138000,
    "meta": 1528919146232,
    "relativePath": "Texture\\Interface\\buttonAudio.png"
  },
  "7fd6611d-f233-4d0c-b9f1-fe31e095597e": {
    "asset": 1528833138000,
    "meta": 1528919146462,
    "relativePath": "Texture\\Interface\\buttonAudioClicked.png"
  },
  "b194d46b-d5aa-442d-9dba-3367e378adf7": {
    "asset": 1528833138000,
    "meta": 1528919146351,
    "relativePath": "Texture\\Interface\\buttonAudioHoover.png"
  },
  "43d557d7-3200-4ccc-8614-456dd0ca7a66": {
    "asset": 1528836630000,
    "meta": 1528836630000,
    "relativePath": "Audio\\Musicas\\menuMusic.mp3"
  },
  "18f935ac-b339-41d4-abee-20cd18d41134": {
    "asset": 1528858244000,
    "meta": 1528858244000,
    "relativePath": "Audio\\Musicas\\janelaPontos.mp3"
  },
  "ccc6df4f-7d00-4f73-8aa8-c0b6a18d6dda": {
    "asset": 1528858394000,
    "meta": 1528858394000,
    "relativePath": "Audio\\Musicas\\erro.mp3"
  },
  "49dca241-cd5d-4f71-ba6b-71f8d8dd19cc": {
    "asset": 1528858592000,
    "meta": 1528757998000,
    "relativePath": "Audio\\Musicas\\decorrerFase01.mp3"
  },
  "7b54e5c5-a5f1-42e6-ab80-b4bee72d3cc1": {
    "asset": 1528858682000,
    "meta": 1528919142850,
    "relativePath": "Script\\Fase01\\MageQuotes.js"
  },
  "755d5cdf-4fa9-4beb-804e-b2cdb3cc1d77": {
    "asset": 1528860254000,
    "meta": 1528860254000,
    "relativePath": "Audio\\Musicas\\click.mp3"
  },
  "88e57373-0a63-49de-aad9-b7b5cb20ba6b": {
    "asset": 1528860690000,
    "meta": 1528860690000,
    "relativePath": "Audio\\Musicas\\click2.mp3"
  },
  "f10e8b3c-cce7-4177-b861-3291e652ccf0": {
    "asset": 1528907878000,
    "meta": 1528919140515,
    "relativePath": "Scene\\Fase01.fire"
  },
  "f1288927-1b3d-4bc7-82aa-d8f9c651fc0e": {
    "asset": 1528863078000,
    "meta": 1528919142829,
    "relativePath": "Script\\Fase01\\Introducao.js"
  },
  "459c9ebc-79d8-4102-b81d-f5d0d40858c6": {
    "asset": 1528865482000,
    "meta": 1528865482000,
    "relativePath": "Audio\\Musicas\\drop.mp3"
  },
  "d0c8ef04-16e8-4521-9805-57954baefb84": {
    "asset": 1528866942000,
    "meta": 1528919143075,
    "relativePath": "Script\\Menu\\MenuScript.js"
  },
  "58244ee9-d840-49ba-8645-6d023cf74eb6": {
    "asset": 1528867800000,
    "meta": 1528919143078,
    "relativePath": "Script\\SoundManager.js"
  },
  "d6a31aa8-2b57-4c2b-b209-2b3a69bd65ef": {
    "asset": 1528907906000,
    "meta": 1528919142458,
    "relativePath": "Script\\Fase01\\Fase01main.js"
  }
}