{
  "__type__": "cc.SpriteAtlas",
  "_name": "smokeAnim.plist",
  "_objFlags": 0,
  "_rawFiles": null,
  "_spriteFrames": {
    "smoke01": {
      "__uuid__": "0396bf8a-6ebe-4b83-b590-6b6f0bf43af9"
    },
    "smoke02": {
      "__uuid__": "c85798f9-0064-437b-820a-cf1dbf15d6f3"
    },
    "smoke03": {
      "__uuid__": "065f9045-61fb-447c-b3e3-d7351d1b5deb"
    },
    "smoke04": {
      "__uuid__": "a973ad09-967d-4317-8b65-1c3fd64e2b4a"
    },
    "smoke05": {
      "__uuid__": "85fcb73e-b79b-4ef6-98ea-dd8edc7778fd"
    },
    "smoke06": {
      "__uuid__": "0fce2815-525a-4fff-8e80-efa9e47f384a"
    },
    "smoke07": {
      "__uuid__": "2db988cc-7d19-4aee-b639-f922f376a16a"
    },
    "smoke08": {
      "__uuid__": "a91d6c37-ca15-42fd-b768-c10befe2d20a"
    },
    "smoke09": {
      "__uuid__": "e51dd617-156f-4879-993d-790b19554fa4"
    },
    "smoke10": {
      "__uuid__": "3c0b1c6d-71ca-42c1-8f46-a56ff56308e8"
    }
  }
}