{
  "__type__": "cc.AnimationClip",
  "_name": "magoIdleAnimation",
  "_objFlags": 0,
  "_rawFiles": null,
  "_duration": 0.6,
  "sample": 10,
  "speed": 0.1,
  "wrapMode": 2,
  "curveData": {
    "comps": {
      "cc.Sprite": {
        "spriteFrame": [
          {
            "frame": 0,
            "value": {
              "__uuid__": "8a5d2328-a395-420b-aa43-44db687ad4b3"
            }
          },
          {
            "frame": 0.1,
            "value": {
              "__uuid__": "32edd854-e9c6-4ba0-95cc-2f80973222f1"
            }
          },
          {
            "frame": 0.2,
            "value": {
              "__uuid__": "8a5d2328-a395-420b-aa43-44db687ad4b3"
            }
          },
          {
            "frame": 0.3,
            "value": {
              "__uuid__": "a0a01d82-4bf1-46b9-aec3-da76c68ef66c"
            }
          },
          {
            "frame": 0.4,
            "value": {
              "__uuid__": "61053823-662d-49c8-a3ab-241f68038768"
            }
          },
          {
            "frame": 0.5,
            "value": {
              "__uuid__": "8a5d2328-a395-420b-aa43-44db687ad4b3"
            }
          }
        ]
      }
    }
  },
  "events": []
}